MasterRank,TeamRank,Division,TeamSlug,PlayerName,Number,ClassYear,RosterPosRaw,PosGroup,Height,Weight,GamesPlayed,Overall,OffScore,DefScore,HeightScore,PTS_pg,REB_pg,AST_pg,TO_pg,STL_pg,BLK_pg,PF_pg,FGA_pg,3PA_pg,FTA_pg,OREB_pg,DREB_pg,TS,eFG,ScORtg,UsageProxy,AST_TO,TOV,3Ppct,3PAr,FTr,TO_100,Stocks_100,Reb_100,PF_100,TS_Tier,TS_Score,UsageProxy_Tier,UsageProxy_Score,ScORtg_Tier,ScORtg_Score,AST_TO_Tier,AST_TO_Score,TOV_Tier,TOV_Score,3Ppct_Tier,3Ppct_Score,3PA_pg_Tier,3PA_pg_Score,3PAr_Tier,3PAr_Score,FTr_Tier,FTr_Score,eFG_Tier,eFG_Score,Stocks_100_Tier,Stocks_100_Score,Reb_100_Tier,Reb_100_Score,PF_100_Tier,PF_100_Score,TO_100_Tier,TO_100_Score,Height_Tier
448,1,Division III,tompkinscortlandcommunitycollege,Jah-Mel Bruce,,,,Wing,,,7,3.2975000000000003,3.35,3.35,3,21.571428571428573,6.428571428571429,2.7142857142857144,3.7142857142857144,3.2857142857142856,1.0,3.857142857142857,14.142857142857142,2.7142857142857144,6.714285714285714,0.7142857142857143,5.714285714285714,0.6308489304812834,0.5707070707070707,103.65183964854475,0.221304004375038,0.7307692307692307,0.17847336628226249,0.3684210526315789,0.1919191919191919,0.47474747474747475,4.513888888888889,5.208333333333333,7.8125,4.6875,Elite,5,Very Good,4,Average,3,Poor,1,Below Average,2,Insufficient Volume,3,Average,3,Average,3,Elite,5,Elite,5,Elite,5,Below Average,2,Below Average,2,Below Average,2,Unknown
2977,2,Division III,tompkinscortlandcommunitycollege,Juelz Lewis,,,,Wing,,,6,2.285,2.2,2.0999999999999996,3,6.166666666666667,7.166666666666667,0.5,1.3333333333333333,0.5,0.3333333333333333,3.6666666666666665,4.833333333333333,1.5,1.6666666666666667,1.1666666666666667,6.0,0.5538922155688623,0.5172413793103449,89.3719806763285,0.07355553976263238,0.375,0.1932367149758454,0.2222222222222222,0.3103448275862069,0.3448275862068966,1.6161616161616161,1.0101010101010102,8.686868686868687,4.444444444444445,Average,3,Poor,1,Poor,1,Poor,1,Below Average,2,Insufficient Volume,3,Below Average,2,Very Good,4,Elite,5,Average,3,Poor,1,Average,3,Average,3,Elite,5,Unknown
